{"cameraMode":{"drawMode":0,"name":"Shaded","section":"Shading Mode"},"sceneLighting":false,"audioPlay":false,"sceneViewState":{"showFog":true,"showMaterialUpdate":false,"showSkybox":false,"showFlares":true,"showImageEffects":true,"showParticleSystems":true},"in2DMode":false,"pivot":{"x":0.37020647525787356,"y":-0.11522531509399414,"z":0.22874236106872559},"rotation":{"x":-0.23500001430511475,"y":0.02682083286345005,"z":-0.006487049628049135,"w":-0.9716074466705322},"size":2.666025161743164,"orthographic":false}