{"cameraMode":{"drawMode":0,"name":"Shaded","section":"Shading Mode"},"sceneLighting":true,"audioPlay":false,"sceneViewState":{"showFog":true,"showMaterialUpdate":false,"showSkybox":true,"showFlares":true,"showImageEffects":true,"showParticleSystems":true},"in2DMode":false,"pivot":{"x":4.315851211547852,"y":0.4305081367492676,"z":1.7325515747070313},"rotation":{"x":-0.24310413002967835,"y":0.07469701766967774,"z":-0.018780265003442766,"w":-0.966943621635437},"size":4.656455039978027,"orthographic":false}