{"cameraMode":{"drawMode":0,"name":"Shaded","section":"Shading Mode"},"sceneLighting":true,"audioPlay":false,"sceneViewState":{"showFog":true,"showMaterialUpdate":false,"showSkybox":true,"showFlares":true,"showImageEffects":true,"showParticleSystems":true},"in2DMode":false,"pivot":{"x":-0.8288259506225586,"y":-2.4234771728515627,"z":-1.0448989868164063},"rotation":{"x":-0.2280208170413971,"y":0.4790937602519989,"z":-0.13043442368507386,"w":-0.8375359773635864},"size":6.20647668838501,"orthographic":false}