{"cameraMode":{"drawMode":0,"name":"Shaded","section":"Shading Mode"},"sceneLighting":true,"audioPlay":false,"sceneViewState":{"showFog":true,"showMaterialUpdate":false,"showSkybox":true,"showFlares":true,"showImageEffects":true,"showParticleSystems":true},"in2DMode":false,"pivot":{"x":0.6811257004737854,"y":-3.4216880798339845,"z":5.767005920410156},"rotation":{"x":0.37685084342956545,"y":0.004168215207755566,"z":-0.0016958387568593026,"w":0.9262639880180359},"size":6.429742336273193,"orthographic":false}